rank,title,year,genre,language,flickmetrix_score,imdb_100,imdb_votes,metacritic,critic_rating_rt,critic_reviews,audience_rating,audience_reviews,letterboxd,letterboxd_votes,google_score,imdbid,custom_score,score_diff
1,the godfather,1972,drama crime,english,93.0,92.0,2108796,100.0,96.0,104,95.0,1087289,90,1789555,90.0,tt0068646,93.83,1.0
2,seven samurai,1954,action drama,japanese,93.0,86.0,381712,98.0,97.0,68,94.0,167123,92,318537,93.0,tt0047478,93.33,3.0
3,12 angry men,1957,drama,english,92.0,90.0,917215,97.0,93.0,58,94.0,376697,92,917590,91.0,tt0050083,92.83,1.0
4,schindlers list,1993,drama history war,english,92.0,90.0,1512905,95.0,93.0,82,94.0,601555,90,978054,93.0,tt0108052,92.5,1.0
5,the godfather part ii,1974,drama crime,english,92.0,90.0,1420179,90.0,95.0,80,94.0,586600,92,934120,89.0,tt0071562,91.67,1.0
6,rear window,1954,thriller mystery,english,91.0,85.0,542959,100.0,95.0,94,92.0,303476,88,607614,90.0,tt0047396,91.67,3.0
7,pulp fiction,1994,thriller crime,english,91.0,89.0,2319136,95.0,94.0,132,93.0,1731042,86,2931535,92.0,tt0110912,91.5,1.0
8,city lights,1931,comedy drama romance,english,91.0,85.0,205619,99.0,94.0,52,92.0,66173,86,144013,92.0,tt0021749,91.33,2.0
9,spirited away,2001,animation family fantasy,japanese,90.0,86.0,901217,96.0,89.0,134,93.0,1052053,88,2478980,95.0,tt0245429,91.17,4.0
10,parasite,2019,comedy thriller drama,korean,91.0,85.0,1050592,97.0,95.0,314,88.0,1273882,90,3771374,90.0,tt6751668,90.83,7.0
11,modern times,1936,comedy drama romance,english,90.0,85.0,271086,96.0,95.0,72,92.0,97048,86,210247,90.0,tt0027977,90.67,3.0
12,goodfellas,1990,drama crime,english,90.0,87.0,1315490,92.0,91.0,95,94.0,766130,90,1435501,89.0,tt0099685,90.5,3.0
13,the good the bad and the ugly,1966,western,italian,89.0,88.0,847249,90.0,89.0,58,94.0,328668,90,504912,91.0,tt0060196,90.33,5.0
14,dr strangelove or how i learned to stop worrying and love the bomb,1964,comedy war,english,90.0,83.0,535648,97.0,93.0,87,90.0,298335,86,475057,92.0,tt0057012,90.17,3.0
15,casablanca,1942,drama romance,english,90.0,85.0,628003,100.0,96.0,96,91.0,429846,86,572792,83.0,tt0034583,90.17,5.0
16,the battle of algiers,1966,drama war history,italian,90.0,81.0,70309,96.0,92.0,67,91.0,37316,88,82844,92.0,tt0058946,90.0,1.0
17,singin in the rain,1952,comedy romance,english,90.0,83.0,270897,99.0,95.0,62,91.0,242729,86,450117,86.0,tt0045152,90.0,4.0
18,some like it hot,1959,comedy romance crime,english,89.0,82.0,293363,98.0,93.0,77,90.0,143114,86,264180,90.0,tt0053291,89.83,3.0
19,psycho,1960,horror thriller mystery,english,89.0,85.0,748078,97.0,94.0,97,92.0,491167,86,991319,85.0,tt0054215,89.83,2.0
20,apocalypse now,1979,drama war,english,89.0,84.0,737539,94.0,92.0,117,91.0,429279,88,714063,89.0,tt0078788,89.67,1.0
21,double indemnity,1944,crime thriller,english,89.0,83.0,173790,95.0,93.0,72,91.0,79935,86,167927,89.0,tt0036775,89.5,2.0
22,rashomon,1950,crime drama mystery,japanese,89.0,82.0,188349,98.0,94.0,52,90.0,105423,84,219549,88.0,tt0042876,89.33,4.0
23,lawrence of arabia,1962,adventure history war,english,89.0,83.0,327276,100.0,96.0,82,89.0,129761,88,238330,80.0,tt0056172,89.33,7.0
24,all about eve,1950,drama,english,89.0,82.0,143727,98.0,95.0,73,90.0,66740,88,109394,83.0,tt0042192,89.33,5.0
25,portrait of a lady on fire,2019,drama romance history,french,89.0,81.0,117917,95.0,91.0,197,89.0,275015,88,819613,91.0,tt8613070,89.17,2.0
26,a separation,2011,drama,persian,89.0,83.0,267944,95.0,91.0,117,88.0,62517,88,141543,89.0,tt1832382,89.0,3.0
27,one battle after another,2025,action thriller crime,english,89.0,82.0,115333,95.0,91.0,211,87.0,198274,88,396256,86.0,tt30144839,89.0,4.0
28,the lord of the rings the return of the king,2003,adventure fantasy action,english,89.0,90.0,2064721,94.0,89.0,172,85.0,23617405,90,1492669,85.0,tt0167260,88.83,4.0
29,citizen kane,1941,mystery drama,english,89.0,83.0,478970,100.0,98.0,96,87.0,273099,84,499118,81.0,tt0033467,88.83,11.0
30,metropolis,1927,drama science fiction,german,88.0,83.0,193052,98.0,93.0,99,89.0,108894,86,200533,84.0,tt0017136,88.83,4.0
31,its a wonderful life,1946,drama family fantasy,english,88.0,86.0,524890,89.0,90.0,75,92.0,320749,88,522501,88.0,tt0038650,88.83,2.0
32,sunset blvd,1950,drama,english,88.0,84.0,247384,94.0,95.0,89,92.0,123301,88,262498,80.0,tt0043014,88.83,3.0
33,the lord of the rings the fellowship of the ring,2001,adventure fantasy action,english,87.0,89.0,2094033,92.0,85.0,142,92.0,1546965,88,1929394,86.0,tt0120737,88.67,7.0
34,north by northwest,1959,thriller adventure,english,88.0,83.0,358883,98.0,94.0,90,90.0,142001,84,265857,83.0,tt0053125,88.67,4.0
35,the apartment,1960,comedy drama romance,english,88.0,83.0,207527,94.0,90.0,93,91.0,109780,88,252510,86.0,tt0053604,88.67,1.0
36,one flew over the cuckoos nest,1975,drama,english,88.0,87.0,1110492,84.0,89.0,91,93.0,421045,88,702258,91.0,tt0073486,88.67,4.0
37,star wars episode v  the empire strikes back,1980,adventure action science fiction,english,88.0,87.0,1431491,82.0,88.0,81,93.0,1214408,88,1521674,94.0,tt0080684,88.67,5.0
38,whiplash,2014,drama music,english,88.0,85.0,1063607,89.0,87.0,231,91.0,1025887,88,2932518,92.0,tt2582802,88.67,4.0
39,vertigo,1958,mystery romance thriller,english,88.0,83.0,442662,100.0,92.0,78,90.0,267419,84,596103,83.0,tt0052357,88.67,2.0
40,bicycle thieves,1948,drama,italian,87.0,82.0,184016,87.0,93.0,58,91.0,93336,86,211270,91.0,tt0040522,88.6,2.0
41,ran,1985,action drama history,japanese,88.0,82.0,142429,97.0,92.0,73,91.0,80147,90,163420,79.0,tt0089881,88.5,1.0
42,pans labyrinth,2006,fantasy drama war,spanish,88.0,82.0,721982,98.0,89.0,164,87.0,672087,84,741536,91.0,tt0457430,88.5,2.0
43,the third man,1949,thriller mystery,english,88.0,81.0,188727,97.0,95.0,81,89.0,86513,86,151068,83.0,tt0041959,88.5,6.0
44,star wars episode iv  a new hope,1977,adventure action science fiction,english,88.0,86.0,1498734,90.0,89.0,99,92.0,1163061,84,1758149,90.0,tt0076759,88.5,3.0
45,12 years a slave,2013,drama history,english,88.0,81.0,761724,96.0,91.0,244,87.0,278959,84,554833,91.0,tt2024544,88.33,4.0
46,saving private ryan,1998,drama history war,english,88.0,86.0,1559687,91.0,87.0,91,91.0,1004841,84,1024759,91.0,tt0120815,88.33,4.0
47,wall·e,2008,animation family science fiction,english,88.0,84.0,1252363,95.0,88.0,152,87.0,1014430,84,1843873,92.0,tt0910970,88.33,1.0
48,alien,1979,horror science fiction,english,88.0,85.0,1009344,89.0,91.0,139,91.0,764014,86,1368049,88.0,tt0078748,88.33,0.0
49,the 400 blows,1959,drama,french,87.0,80.0,131044,87.0,95.0,66,90.0,98670,86,218210,90.0,tt0053198,88.2,5.0
50,the silence of the lambs,1991,crime drama thriller,english,87.0,86.0,1622286,86.0,88.0,112,92.0,1226259,86,1981219,91.0,tt0102926,88.17,4.0
51,back to the future,1985,adventure comedy science fiction,english,88.0,85.0,1367504,87.0,89.0,79,91.0,1322805,84,1773760,93.0,tt0088763,88.17,2.0
52,taxi driver,1976,crime drama,english,87.0,82.0,970967,94.0,92.0,103,90.0,719732,82,1635079,88.0,tt0075314,88.0,2.0
53,touch of evil,1958,crime thriller mystery drama,english,87.0,79.0,112253,99.0,92.0,64,88.0,49794,84,86695,86.0,tt0052311,88.0,4.0
54,the pianist,2002,drama war,english,87.0,85.0,961695,85.0,83.0,104,93.0,457473,88,864540,94.0,tt0253474,88.0,10.0
55,toy story,1995,animation adventure family comedy,english,88.0,83.0,1115033,96.0,92.0,73,89.0,1290101,82,1651887,86.0,tt0114709,88.0,3.0
56,raiders of the lost ark,1981,adventure action,english,88.0,84.0,1068716,86.0,91.0,105,91.0,869164,84,949820,91.0,tt0082971,87.83,0.0
57,the lives of others,2006,drama thriller,german,87.0,84.0,425676,89.0,85.0,91,92.0,131607,86,151084,91.0,tt0405094,87.83,7.0
58,the best years of our lives,1946,drama romance war,english,87.0,81.0,73744,93.0,91.0,63,89.0,20090,84,38366,89.0,tt0036868,87.83,2.0
59,the shop around the corner,1940,comedy drama romance,english,87.0,80.0,41339,96.0,90.0,51,88.0,30945,84,68741,89.0,tt0033045,87.83,2.0
60,there will be blood,2007,drama,english,88.0,82.0,666631,93.0,87.0,166,84.0,462225,90,874342,91.0,tt0469494,87.83,3.0
61,the seventh seal,1957,fantasy drama,swedish,87.0,81.0,206854,88.0,91.0,57,90.0,132192,86,297436,90.0,tt0050976,87.67,1.0
62,the lord of the rings the two towers,2002,adventure fantasy action,english,87.0,88.0,1861078,87.0,86.0,140,92.0,1379232,88,1454840,85.0,tt0167261,87.67,6.0
63,do the right thing,1989,drama,english,88.0,80.0,117516,93.0,92.0,82,86.0,177459,88,384341,86.0,tt0097216,87.5,6.0
64,amadeus,1984,history music drama,english,87.0,84.0,446044,87.0,89.0,85,91.0,240893,86,361671,88.0,tt0086879,87.5,2.0
65,eternal sunshine of the spotless mind,2004,science fiction drama romance,english,87.0,83.0,1129606,89.0,86.0,165,90.0,1168654,84,2359950,93.0,tt0338013,87.5,4.0
66,the night of the hunter,1955,crime drama thriller,english,87.0,80.0,102071,97.0,93.0,82,87.0,72731,86,168419,82.0,tt0048424,87.5,6.0
67,ratatouille,2007,animation comedy family fantasy,english,87.0,81.0,877175,96.0,88.0,152,84.0,1516553,84,2402281,91.0,tt0382932,87.33,4.0
68,past lives,2023,drama romance,english,87.0,78.0,148063,94.0,92.0,181,87.0,422095,84,1258872,88.0,tt13238346,87.2,5.0
69,the departed,2006,drama thriller crime,english,86.0,85.0,1478709,85.0,84.0,172,91.0,853886,86,1082954,92.0,tt0407887,87.17,7.0
70,chinatown,1974,crime drama mystery thriller,english,87.0,81.0,362976,92.0,94.0,63,89.0,176581,86,373349,81.0,tt0071315,87.17,5.0
71,paths of glory,1957,war drama history,english,86.0,84.0,224612,90.0,90.0,68,92.0,99118,88,226166,79.0,tt0050825,87.17,2.0
72,monty python and the holy grail,1975,adventure comedy fantasy,english,86.0,82.0,584895,91.0,87.0,60,90.0,602159,82,515943,91.0,tt0071853,87.17,3.0
73,my neighbor totoro,1988,fantasy animation family,japanese,86.0,81.0,403332,87.0,86.0,54,90.0,503212,84,1326860,94.0,tt0096283,87.0,4.0
74,la confidential,1997,crime mystery thriller drama,english,86.0,82.0,638085,91.0,90.0,96,90.0,205235,82,312718,87.0,tt0119488,87.0,0.0
75,the lion king,1994,family animation drama,english,86.0,85.0,1194520,88.0,86.0,115,90.0,1332919,84,1460091,89.0,tt0110357,87.0,4.0
76,hamilton,2020,history drama,english,87.0,83.0,126439,88.0,91.0,102,88.0,142644,84,423181,87.0,tt8503618,86.83,3.0
77,cinema paradiso,1988,drama romance,italian,86.0,85.0,299114,80.0,81.0,61,93.0,156145,90,336814,92.0,tt0095765,86.83,12.0
78,city of god,2002,drama crime,portuguese,86.0,86.0,832918,79.0,82.0,110,93.0,417654,90,747463,91.0,tt0317248,86.83,11.0
79,wolfwalkers,2020,animation family adventure fantasy,english,85.0,80.0,41605,87.0,87.0,109,95.0,45817,84,135079,88.0,tt5198068,86.83,8.0
80,the bridge on the river kwai,1957,drama history war,english,87.0,81.0,240528,88.0,93.0,64,89.0,67210,84,91805,86.0,tt0050212,86.83,4.0
81,im still here,2024,drama history,portuguese,87.0,84.0,94661,85.0,84.0,106,87.0,198274,86,526291,95.0,tt14961016,86.8,3.0
82,it happened one night,1934,comedy romance,english,86.0,81.0,116269,87.0,90.0,72,89.0,56458,84,101589,89.0,tt0025316,86.67,1.0
83,beauty and the beast,1991,romance family animation fantasy,english,86.0,80.0,491091,95.0,89.0,102,88.0,679535,78,640107,90.0,tt0101414,86.67,1.0
84,spiderman into the spiderverse,2018,animation action adventure science fiction,english,86.0,84.0,723333,87.0,88.0,242,90.0,1068834,88,3153094,83.0,tt4633694,86.67,2.0
85,8½,1963,drama,italian,86.0,80.0,128719,93.0,87.0,53,89.0,95771,86,196861,85.0,tt0056801,86.67,2.0
86,spiderman across the spiderverse,2023,animation action adventure science fiction,english,87.0,85.0,441825,86.0,86.0,222,87.0,838214,88,2432408,88.0,tt9362722,86.6,1.0
87,the wild robot,2024,animation science fiction family,english,87.0,82.0,151761,85.0,84.0,143,87.0,198274,84,807351,98.0,tt29623480,86.6,3.0
88,gone with the wind,1939,drama war romance,english,86.0,82.0,344610,97.0,90.0,66,88.0,259241,78,189395,84.0,tt0031381,86.5,2.0
89,the wild bunch,1969,western,english,86.0,79.0,92654,98.0,91.0,54,87.0,43809,82,62739,82.0,tt0065214,86.5,4.0
90,in the mood for love,2000,drama romance,chinese,85.0,81.0,175775,87.0,82.0,87,90.0,251393,88,645707,91.0,tt0118694,86.5,8.0
91,toy story 3,2010,animation family comedy,english,86.0,83.0,926157,92.0,90.0,218,86.0,796262,80,1171417,88.0,tt0435761,86.5,4.0
92,the truman show,1998,comedy drama,english,86.0,82.0,1267347,90.0,86.0,108,87.0,1350393,84,2880682,90.0,tt0120382,86.5,1.0
93,fargo,1996,crime drama thriller,english,86.0,81.0,751771,88.0,88.0,72,89.0,470077,84,939939,89.0,tt0116282,86.5,1.0
94,shoplifters,2018,drama crime thriller,japanese,86.0,79.0,91034,93.0,89.0,147,88.0,83143,86,244423,84.0,tt8075192,86.5,1.0
95,no country for old men,2007,crime drama thriller,english,87.0,82.0,1113836,92.0,89.0,206,84.0,743270,86,1428294,85.0,tt0477348,86.33,5.0
96,aliens,1986,action thriller science fiction,english,86.0,84.0,804533,84.0,88.0,99,90.0,516707,82,687721,90.0,tt0090605,86.33,2.0
97,la dolce vita,1960,comedy drama,italian,86.0,80.0,82147,95.0,92.0,66,87.0,62176,86,118064,78.0,tt0053779,86.33,5.0
98,once upon a time in the west,1968,drama western,italian,86.0,85.0,365674,82.0,89.0,61,92.0,112953,88,206571,82.0,tt0064116,86.33,3.0
99,the general,1926,comedy action adventure war,english,86.0,81.0,101941,87.0,93.0,52,89.0,36906,84,87490,84.0,tt0017925,86.2,4.0
100,solaris,1972,drama science fiction mystery,russian,86.0,79.0,101413,93.0,88.0,62,87.0,71458,84,159749,86.0,tt0069293,86.17,1.0
101,platoon,1986,drama war action,english,85.0,81.0,453374,92.0,87.0,77,89.0,242805,80,247515,88.0,tt0091763,86.17,2.0
102,spotlight,2015,drama history,english,85.0,81.0,516632,93.0,89.0,226,89.0,208496,82,483396,83.0,tt1895587,86.17,0.0
103,forrest gump,1994,comedy drama romance,english,85.0,88.0,2362620,82.0,79.0,87,92.0,1666500,82,2511027,94.0,tt0109830,86.17,13.0
104,your name,2016,animation romance drama,japanese,85.0,84.0,352028,81.0,82.0,94,91.0,346957,84,1014115,95.0,tt5311514,86.17,9.0
105,memories of murder,2003,crime drama thriller,korean,85.0,81.0,237542,82.0,82.0,68,90.0,203836,88,587951,94.0,tt0353969,86.17,8.0
106,the wizard of oz,1939,adventure fantasy family,english,86.0,81.0,447805,92.0,94.0,104,85.0,799483,80,644347,85.0,tt0032138,86.17,9.0
107,the wages of fear,1953,drama thriller adventure,french,85.0,81.0,69739,85.0,89.0,52,91.0,22172,86,48927,84.0,tt0046268,86.0,2.0
108,the last picture show,1971,drama romance,english,86.0,80.0,54647,93.0,92.0,69,86.0,33440,84,71748,81.0,tt0067328,86.0,6.0
109,i am not your negro,2016,documentary,english,87.0,79.0,24118,95.0,91.0,127,81.0,28746,84,57440,86.0,tt5804038,86.0,10.0
110,the act of killing,2012,documentary,indonesian,86.0,82.0,42189,92.0,89.0,112,83.0,35639,88,76803,82.0,tt2375605,86.0,6.0
111,the cabinet of dr caligari,1920,drama horror thriller crime,german,85.0,80.0,73119,87.0,93.0,75,86.0,77818,82,177616,89.0,tt0010323,86.0,7.0
112,reservoir dogs,1992,crime thriller,english,86.0,83.0,1126378,81.0,87.0,63,90.0,693273,84,1184639,91.0,tt0105236,86.0,3.0
113,memento,2000,mystery thriller,english,85.0,84.0,1371012,83.0,83.0,121,91.0,689974,84,1305228,91.0,tt0209144,86.0,8.0
114,the deer hunter,1978,drama war,english,85.0,81.0,373634,90.0,87.0,79,89.0,142669,84,220254,85.0,tt0077416,86.0,2.0
115,yi yi,2000,drama,chinese,85.0,81.0,30233,94.0,86.0,51,88.0,40627,90,106448,77.0,tt0244316,86.0,2.0
116,the handmaid,2016,thriller drama romance,korean,85.0,81.0,186305,85.0,84.0,162,88.0,198447,88,572569,90.0,tt4016934,86.0,4.0
117,aftersun,2022,drama,english,86.0,76.0,113280,95.0,90.0,145,87.0,384741,84,1151527,85.0,tt19770238,86.0,3.0
118,raging bull,1980,drama,english,85.0,81.0,393517,90.0,90.0,91,89.0,228557,84,421824,81.0,tt0081398,85.83,1.0
119,nobody knows,2004,drama,japanese,85.0,80.0,33279,88.0,82.0,51,89.0,30957,88,72551,88.0,tt0408664,85.83,7.0
120,terminator 2 judgment day,1991,action thriller science fiction,english,85.0,86.0,1224062,75.0,83.0,80,90.0,732641,86,696537,95.0,tt0103064,85.83,7.0
121,rosemarys baby,1968,drama horror thriller,english,86.0,80.0,247212,96.0,90.0,94,84.0,198214,84,446121,81.0,tt0063522,85.83,6.0
122,the philadelphia story,1940,comedy romance,english,85.0,78.0,75972,96.0,91.0,58,88.0,57062,80,76512,82.0,tt0032904,85.83,3.0
123,diabolique,1955,horror thriller mystery,french,84.0,81.0,71254,87.0,87.0,57,89.0,30133,84,69607,88.0,tt0046911,85.8,2.0
124,mad max fury road,2015,action adventure science fiction,english,86.0,81.0,1159013,90.0,87.0,342,83.0,643941,84,1670956,89.0,tt1392190,85.67,4.0
125,to kill a mockingbird,1962,drama,english,85.0,83.0,341855,88.0,89.0,57,89.0,188021,82,205312,83.0,tt0056592,85.67,0.0
126,crouching tiger hidden dragon,2000,adventure drama action romance,chinese,86.0,79.0,287305,94.0,89.0,129,83.0,355015,82,209205,87.0,tt0190332,85.67,6.0
127,2001 a space odyssey,1968,science fiction mystery adventure,english,86.0,83.0,748841,84.0,90.0,98,87.0,555464,86,1065318,84.0,tt0062622,85.67,3.0
128,dune part two,2024,science fiction adventure,english,86.0,85.0,612042,79.0,83.0,262,87.0,771597,88,2282092,93.0,tt15239678,85.6,4.0
129,flow,2024,animation fantasy adventure,latvian,86.0,79.0,58616,86.0,85.0,96,87.0,198274,82,552498,96.0,tt4772188,85.6,2.0
130,waltz with bashir,2008,drama animation war documentary,hebrew,85.0,80.0,61610,91.0,86.0,107,87.0,45622,80,48820,89.0,tt1185616,85.5,1.0
131,persepolis,2007,animation drama,french,85.0,80.0,102558,90.0,84.0,114,88.0,90152,84,169387,87.0,tt0808417,85.5,4.0
132,wont you be my neighbor,2018,documentary,english,85.0,83.0,27589,85.0,87.0,138,90.0,29872,84,80612,84.0,tt7681902,85.5,3.0
133,inside out,2015,animation family adventure drama comedy,english,85.0,81.0,860273,94.0,90.0,254,86.0,851631,76,2277929,86.0,tt2096673,85.5,4.0
134,up,2009,animation comedy family adventure,english,85.0,83.0,1173646,88.0,87.0,201,87.0,1493295,82,2069307,86.0,tt1049413,85.5,0.0
135,call me by your name,2017,romance drama,english,85.0,78.0,337407,94.0,90.0,237,84.0,691944,78,2041245,89.0,tt5726616,85.5,6.0
136,oppenheimer,2023,drama history,english,85.0,83.0,864475,90.0,87.0,302,87.0,1000378,84,2917402,83.0,tt15398776,85.4,0.0
137,the father,2020,drama,english,85.0,82.0,211198,88.0,87.0,184,87.0,119435,86,353409,84.0,tt10272386,85.4,0.0
138,la strada,1954,drama,italian,84.0,80.0,68087,87.0,90.0,55,89.0,37323,84,69523,84.0,tt0047528,85.4,1.0
139,4 months 3 weeks and 2 days,2007,drama,romanian,85.0,79.0,64547,97.0,87.0,81,83.0,34030,84,48502,82.0,tt1032846,85.33,4.0
140,the grand budapest hotel,2014,comedy drama,english,85.0,81.0,921664,88.0,86.0,231,84.0,797026,84,2192851,89.0,tt2278388,85.33,2.0
141,finding nemo,2003,animation family,english,85.0,82.0,1153261,90.0,88.0,136,84.0,22787152,80,1647744,88.0,tt0266543,85.33,4.0
142,rebecca,1940,mystery romance thriller drama,english,85.0,81.0,153711,86.0,88.0,87,88.0,68440,82,125899,87.0,tt0032976,85.33,0.0
143,princess mononoke,1997,adventure fantasy animation,japanese,84.0,83.0,455770,76.0,80.0,76,91.0,506502,88,1073861,94.0,tt0119698,85.33,11.0
144,django unchained,2012,drama western,english,85.0,85.0,1777847,81.0,80.0,251,88.0,1025468,86,2213921,92.0,tt1853728,85.33,8.0
145,strangers on a train,1951,crime thriller,english,85.0,79.0,145086,88.0,88.0,53,88.0,68681,82,134227,87.0,tt0044079,85.33,0.0
146,the manchurian candidate,1962,thriller drama,english,85.0,79.0,82236,94.0,90.0,55,86.0,36997,80,48018,83.0,tt0056218,85.33,4.0
147,howls moving castle,2004,fantasy animation adventure,japanese,84.0,82.0,478277,82.0,77.0,124,90.0,578280,86,1640560,95.0,tt0347149,85.33,13.0
148,trainspotting,1996,drama crime,english,85.0,81.0,746303,83.0,83.0,67,89.0,500240,84,872482,92.0,tt0117951,85.33,6.0
149,on the waterfront,1954,crime drama romance,english,84.0,81.0,171135,91.0,92.0,72,91.0,73211,84,114779,72.0,tt0047296,85.17,1.0
150,annie hall,1977,comedy drama romance,english,84.0,79.0,283270,92.0,91.0,83,88.0,192804,80,270384,80.0,tt0075686,85.0,3.0
151,the tale of the princess kaguya,2013,animation drama fantasy,japanese,84.0,80.0,57724,89.0,85.0,75,87.0,79846,84,211180,85.0,tt2576852,85.0,2.0
152,dog day afternoon,1975,crime drama thriller,english,85.0,80.0,280757,86.0,86.0,67,87.0,187550,86,341549,85.0,tt0072890,85.0,1.0
153,marriage story,2019,drama,english,85.0,79.0,359338,94.0,90.0,236,83.0,391797,80,1162129,84.0,tt7653254,85.0,7.0
154,million dollar baby,2004,drama,english,84.0,81.0,743174,86.0,85.0,155,87.0,382716,80,337065,91.0,tt0405159,85.0,2.0
155,the maltese falcon,1941,mystery crime thriller,english,84.0,79.0,170463,97.0,93.0,77,87.0,79699,78,122938,76.0,tt0033870,85.0,6.0
156,13th,2016,documentary,english,85.0,82.0,38435,81.0,86.0,63,88.0,38816,86,109670,87.0,tt5895028,85.0,2.0
157,the kings speech,2010,drama history,english,84.0,80.0,719923,88.0,87.0,218,88.0,226990,76,391088,91.0,tt1504320,85.0,1.0
158,downfall,2004,drama history war,german,84.0,82.0,386690,82.0,81.0,76,90.0,87605,82,121453,93.0,tt0363163,85.0,9.0
159,the diving bell and the butterfly,2007,drama history,french,84.0,80.0,111563,92.0,85.0,109,88.0,115668,82,46838,83.0,tt0401383,85.0,3.0
160,coco,2017,family animation music adventure,english,84.0,84.0,643266,81.0,83.0,213,91.0,693918,82,2021496,89.0,tt2380307,85.0,8.0
161,amour,2012,drama romance,french,85.0,79.0,108046,95.0,89.0,180,81.0,53864,84,119569,81.0,tt1602620,84.83,8.0
162,the straight story,1999,drama,english,84.0,80.0,103337,86.0,83.0,74,87.0,59890,84,116409,89.0,tt0166896,84.83,4.0
163,the french connection,1971,action crime thriller,english,85.0,77.0,143317,94.0,90.0,64,84.0,81276,80,154622,84.0,tt0067116,84.83,6.0
164,young frankenstein,1974,comedy,english,84.0,80.0,174783,83.0,85.0,55,88.0,198530,80,176284,93.0,tt0072431,84.83,3.0
165,a hard days night,1964,comedy music,english,84.0,75.0,49501,96.0,88.0,65,85.0,62888,76,87602,89.0,tt0058182,84.83,3.0
166,the irishman,2019,crime drama history,english,85.0,78.0,450758,94.0,90.0,280,83.0,255684,78,745713,86.0,tt1302006,84.83,7.0
167,free solo,2018,documentary adventure,english,84.0,81.0,81251,83.0,82.0,92,89.0,61687,82,178659,92.0,tt7775622,84.83,7.0
168,la la land,2016,comedy drama romance music,english,85.0,80.0,713968,94.0,89.0,333,80.0,1113199,82,3192797,84.0,tt3783958,84.83,9.0
169,night of the living dead,1968,horror thriller,english,85.0,78.0,144684,89.0,89.0,85,84.0,172279,80,254945,89.0,tt0063350,84.83,5.0
170,unforgiven,1992,western,english,84.0,82.0,451817,85.0,88.0,70,89.0,159321,84,231329,81.0,tt0105695,84.83,1.0
171,the terminator,1984,action thriller science fiction,english,85.0,81.0,958738,84.0,87.0,76,86.0,747733,78,686692,92.0,tt0088247,84.67,1.0
172,the conversation,1974,crime drama mystery,english,85.0,77.0,129280,88.0,90.0,91,86.0,88450,84,194526,83.0,tt0071360,84.67,4.0
173,the social network,2010,drama,english,85.0,78.0,786518,95.0,91.0,222,83.0,796286,78,1978430,83.0,tt1285016,84.67,8.0
174,little women,2019,drama romance history,english,84.0,78.0,265269,91.0,87.0,252,88.0,685996,84,2004290,80.0,tt3281548,84.67,1.0
175,before sunset,2004,drama romance,english,84.0,81.0,300246,91.0,85.0,116,87.0,251191,86,610745,78.0,tt0381681,84.67,2.0
176,spring summer fall winter and spring,2003,drama,korean,84.0,80.0,88675,85.0,81.0,55,89.0,37196,84,54075,89.0,tt0374546,84.67,8.0
177,the iron giant,1999,family animation science fiction adventure,english,84.0,81.0,242282,85.0,83.0,87,87.0,301689,86,494409,86.0,tt0129167,84.67,4.0
178,incendies,2010,drama war mystery,french,84.0,83.0,224467,80.0,80.0,100,89.0,125557,88,340239,88.0,tt1255953,84.67,9.0
179,barry lyndon,1975,drama romance war history,english,83.0,81.0,191699,89.0,84.0,81,89.0,119394,88,267520,77.0,tt0072684,84.67,5.0
180,the quiet girl,2022,drama,irish,84.0,77.0,25779,89.0,88.0,87,87.0,25673,82,76009,87.0,tt15109082,84.6,1.0
181,all of us strangers,2023,romance drama fantasy,english,84.0,76.0,69587,90.0,89.0,147,87.0,192826,78,576310,90.0,tt21192142,84.6,2.0
182,invasion of the body snatchers,1956,science fiction horror thriller,english,85.0,77.0,57126,92.0,91.0,60,82.0,34972,76,66272,89.0,tt0049366,84.5,9.0
183,toy story 2,1999,animation comedy family,english,85.0,79.0,641688,88.0,87.0,111,83.0,1029005,78,1083467,92.0,tt0120363,84.5,4.0
184,jaws,1975,horror thriller adventure,english,84.0,81.0,689859,87.0,92.0,112,86.0,1006664,78,1126448,83.0,tt0073195,84.5,6.0
185,almost famous,2000,drama music,english,83.0,79.0,302521,90.0,83.0,121,87.0,382637,82,496969,86.0,tt0181875,84.5,4.0
186,song of the sea,2014,family animation fantasy,english,84.0,80.0,65443,85.0,84.0,71,89.0,42155,84,101315,85.0,tt1865505,84.5,5.0
187,before sunrise,1995,drama romance,english,84.0,81.0,356358,79.0,83.0,51,89.0,370547,86,963660,89.0,tt0112471,84.5,6.0
188,blade runner,1982,science fiction drama thriller,english,84.0,81.0,849918,84.0,85.0,117,88.0,587241,82,1083638,87.0,tt0083658,84.5,3.0
189,boyhood,2014,drama,english,85.0,79.0,374552,100.0,95.0,252,78.0,234140,76,522064,79.0,tt1065073,84.5,17.0
190,moonlight,2016,drama,english,85.0,74.0,340819,99.0,92.0,265,77.0,402939,84,1115696,80.0,tt4975722,84.33,15.0
191,room,2015,drama thriller,english,83.0,81.0,465914,86.0,85.0,225,89.0,262276,80,686364,85.0,tt3170832,84.33,4.0
192,the big sleep,1946,mystery crime thriller,english,84.0,79.0,92865,86.0,88.0,52,87.0,45927,80,70518,86.0,tt0038355,84.33,1.0
193,his girl friday,1940,comedy romance,english,83.0,78.0,65318,87.0,92.0,62,86.0,47826,80,94657,85.0,tt0032599,84.2,6.0
194,all about my mother,1999,comedy drama,spanish,83.0,78.0,106182,87.0,83.0,57,88.0,102959,84,204213,85.0,tt0185125,84.17,5.0
195,network,1976,drama,english,83.0,81.0,178013,83.0,85.0,57,89.0,78540,86,162520,81.0,tt0074958,84.17,4.0
196,oldboy,2003,drama thriller mystery action,korean,83.0,83.0,673464,78.0,75.0,128,91.0,428547,88,1016835,90.0,tt0364569,84.17,16.0
197,the triplets of belleville,2003,animation comedy drama family,french,83.0,77.0,58151,91.0,84.0,85,86.0,44514,80,52924,87.0,tt0286244,84.17,2.0
198,a prophet,2009,crime drama,french,84.0,78.0,104716,90.0,85.0,118,85.0,36995,84,60869,83.0,tt1235166,84.17,0.0
199,slumdog millionaire,2008,drama romance,english,84.0,80.0,893294,84.0,84.0,162,86.0,940532,78,509273,93.0,tt1010048,84.17,2.0
200,paddington 2,2017,adventure comedy family,english,84.0,78.0,104591,88.0,87.0,183,84.0,170554,84,492384,84.0,tt4468740,84.17,3.0
201,my fair lady,1964,music comedy romance drama,english,83.0,77.0,104578,95.0,89.0,54,86.0,154784,72,89861,86.0,tt0058385,84.17,3.0
202,the sting,1973,comedy crime drama,english,83.0,83.0,288739,83.0,84.0,69,91.0,88454,84,141404,80.0,tt0070735,84.17,7.0
203,all quiet on the western front,1930,drama war,english,84.0,81.0,69684,91.0,92.0,56,86.0,29586,84,52395,70.0,tt0020629,84.0,6.0
204,the brutalist,2024,drama,english,84.0,75.0,68946,90.0,88.0,175,87.0,198274,80,544891,87.0,tt8999762,84.0,1.0
205,her,2013,romance science fiction drama,english,84.0,80.0,698369,91.0,87.0,247,81.0,634081,80,1696987,85.0,tt1798709,84.0,6.0
206,the secret in their eyes,2009,mystery thriller drama,spanish,83.0,82.0,231256,80.0,78.0,110,89.0,60610,84,124396,91.0,tt1305806,84.0,11.0
207,the elephant man,1980,drama history,english,83.0,82.0,271067,78.0,83.0,62,89.0,138788,86,286846,86.0,tt0080678,84.0,6.0
208,aladdin,1992,animation family adventure fantasy romance,english,83.0,80.0,484201,86.0,85.0,78,88.0,875875,78,746788,87.0,tt0103639,84.0,3.0
209,ford v ferrari,2019,drama action history,english,82.0,81.0,516895,81.0,79.0,217,93.0,266066,80,722735,90.0,tt1950186,84.0,14.0
210,three billboards outside ebbing missouri,2017,crime drama,english,84.0,81.0,579561,88.0,85.0,282,85.0,246227,80,690960,85.0,tt5027774,84.0,0.0
211,halloween,1978,horror thriller,english,84.0,77.0,321821,90.0,87.0,102,85.0,478658,76,826218,89.0,tt0077651,84.0,2.0
212,a clockwork orange,1971,science fiction crime,english,83.0,82.0,907799,77.0,85.0,94,90.0,649103,82,1071687,87.0,tt0066921,83.83,5.0
213,the graduate,1967,drama romance comedy,english,84.0,80.0,295545,83.0,88.0,76,86.0,249780,82,381526,84.0,tt0061722,83.83,2.0
214,full metal jacket,1987,drama war,english,83.0,82.0,816985,78.0,82.0,70,90.0,461701,84,734317,87.0,tt0093058,83.83,8.0
215,good will hunting,1997,drama,english,83.0,83.0,1128522,71.0,79.0,70,91.0,846429,86,1807181,93.0,tt0119217,83.83,12.0
216,inception,2010,action science fiction adventure,english,83.0,88.0,2666368,74.0,80.0,241,89.0,1315019,84,2796491,88.0,tt1375666,83.83,9.0
217,eyes without a face,1960,drama horror thriller,french,83.0,76.0,37018,90.0,85.0,52,84.0,47152,78,122339,90.0,tt0053459,83.83,1.0
218,king kong,1933,adventure fantasy horror,english,84.0,79.0,93320,92.0,91.0,87,83.0,91336,76,93284,82.0,tt0024216,83.83,8.0
219,the boy and the heron,2023,animation adventure fantasy family drama,japanese,83.0,74.0,91799,91.0,87.0,151,87.0,310942,78,925249,89.0,tt6587046,83.8,0.0
220,the holdovers,2023,comedy drama,english,84.0,79.0,196289,82.0,85.0,204,87.0,387674,84,1152636,89.0,tt14849194,83.8,2.0
221,sinners,2025,horror thriller,english,84.0,81.0,92445,84.0,86.0,195,87.0,198274,84,1063065,86.0,tt31193180,83.75,1.0
222,harry potter and the deathly hallows part 2,2011,fantasy adventure,english,83.0,81.0,990703,85.0,84.0,187,87.0,739552,80,1431230,85.0,tt1201607,83.67,3.0
223,boogie nights,1997,drama,english,83.0,79.0,290090,86.0,82.0,62,85.0,274867,84,444602,86.0,tt0118749,83.67,3.0
224,the hurt locker,2008,drama thriller war,english,84.0,75.0,483381,95.0,88.0,198,81.0,147838,76,250506,87.0,tt0887912,83.67,7.0
225,dead poets society,1989,drama,english,82.0,81.0,585470,79.0,74.0,51,89.0,813805,86,1825679,93.0,tt0097165,83.67,15.0
226,the nightmare before christmas,1993,fantasy animation family,english,83.0,79.0,393679,82.0,84.0,91,87.0,1008679,80,1265746,90.0,tt0107688,83.67,3.0
227,avengers endgame,2019,adventure science fiction action,english,83.0,84.0,1344334,78.0,81.0,317,88.0,856561,78,2410586,93.0,tt4154796,83.67,7.0
228,rrr,2022,action adventure drama,telugu,84.0,78.0,177734,83.0,83.0,67,87.0,95355,84,279475,90.0,tt8178634,83.6,4.0
229,drive my car,2021,drama,japanese,83.0,75.0,72039,91.0,88.0,139,87.0,108261,84,322596,80.0,tt14039582,83.6,1.0
230,children of men,2006,drama action thriller science fiction,english,84.0,79.0,545472,84.0,82.0,160,82.0,547568,86,579387,88.0,tt0206634,83.5,0.0
231,y tu mamá también,2001,drama romance,spanish,83.0,77.0,133724,89.0,83.0,106,84.0,139298,84,278042,84.0,tt0245574,83.5,1.0
232,close encounters of the third kind,1977,science fiction drama,english,84.0,76.0,224473,90.0,90.0,95,82.0,174410,76,238295,87.0,tt0075860,83.5,8.0
233,the usual suspects,1995,drama crime thriller,english,82.0,85.0,1183910,76.0,78.0,62,92.0,493378,82,608644,88.0,tt0114814,83.5,14.0
234,the hunt,2012,drama,danish,82.0,83.0,385419,77.0,76.0,64,90.0,132458,86,397376,89.0,tt2106476,83.5,14.0
235,fantasia,1940,animation family fantasy,english,84.0,77.0,107375,96.0,89.0,51,80.0,164075,78,233257,81.0,tt0032455,83.5,9.0
236,kill bill vol 2,2004,action crime thriller,english,83.0,80.0,833912,83.0,79.0,163,86.0,928375,82,1100503,91.0,tt0378194,83.5,7.0
237,brazil,1985,comedy science fiction,english,83.0,78.0,215804,84.0,87.0,75,86.0,136795,82,203811,84.0,tt0088846,83.5,1.0
238,one cut of the dead,2017,comedy horror drama,japanese,83.0,76.0,32571,86.0,86.0,74,84.0,39772,82,118048,87.0,tt7914416,83.5,2.0
239,monster,2023,mystery thriller drama,japanese,84.0,78.0,34095,79.0,81.0,100,87.0,93798,86,280888,93.0,tt23736044,83.4,6.0
240,perfect days,2023,drama,japanese,84.0,79.0,79707,80.0,82.0,115,87.0,175773,86,526385,90.0,tt27503384,83.4,5.0
241,robot dreams,2023,animation drama comedy science fiction,spanish,83.0,76.0,20523,87.0,85.0,89,87.0,61360,82,183822,87.0,tt13429870,83.4,2.0
242,the incredibles,2004,action adventure animation family,english,85.0,80.0,849428,90.0,86.0,150,75.0,22277024,82,1622816,87.0,tt0317705,83.33,11.0
243,stand by me,1986,crime drama,english,82.0,81.0,461130,75.0,79.0,55,90.0,437767,84,771437,91.0,tt0092005,83.33,11.0
244,goldfinger,1964,adventure action thriller,english,83.0,77.0,208399,87.0,87.0,58,85.0,193600,76,165532,88.0,tt0058150,83.33,2.0
245,manchester by the sea,2016,drama,english,84.0,78.0,330251,96.0,90.0,241,77.0,258451,82,673804,77.0,tt4034228,83.33,13.0
246,frankenstein,1931,drama horror science fiction,english,83.0,78.0,83138,91.0,89.0,67,84.0,55846,76,155858,82.0,tt0021884,83.33,5.0
247,before midnight,2013,romance drama,english,84.0,79.0,178527,94.0,89.0,168,80.0,160109,80,404845,78.0,tt2209418,83.33,9.0
248,man on wire,2008,documentary,english,83.0,77.0,59645,89.0,85.0,103,83.0,33830,78,41086,88.0,tt1155592,83.33,2.0
249,american beauty,1999,drama,english,82.0,83.0,1244248,84.0,83.0,118,89.0,743082,80,906361,81.0,tt0169547,83.33,6.0
250,the princess bride,1987,adventure family fantasy comedy romance,english,82.0,80.0,463935,78.0,83.0,81,89.0,586715,82,703277,87.0,tt0093779,83.17,6.0
251,deep red,1975,horror mystery thriller,italian,83.0,75.0,44979,89.0,85.0,60,84.0,41285,78,100209,88.0,tt0073582,83.17,1.0
252,mary and max,2009,animation comedy drama,english,83.0,81.0,194996,72.0,80.0,63,88.0,63451,86,139756,92.0,tt0978762,83.17,8.0
253,dunkirk,2017,war action drama,english,84.0,78.0,769404,94.0,89.0,303,79.0,525161,76,1433980,83.0,tt5013056,83.17,10.0
254,heat,1995,crime drama action,english,82.0,83.0,749997,76.0,78.0,101,90.0,378101,86,688200,86.0,tt0113277,83.17,12.0
255,pride  prejudice,2005,drama romance,english,82.0,78.0,348415,82.0,78.0,96,87.0,707510,82,1202164,92.0,tt0414387,83.17,9.0
256,repulsion,1965,drama thriller horror,english,83.0,76.0,59375,91.0,90.0,52,83.0,39850,78,81167,81.0,tt0059646,83.17,7.0
257,capernaum,2018,drama,arabic,82.0,84.0,114819,75.0,77.0,108,89.0,33107,84,96419,90.0,tt8267604,83.17,12.0
258,mulholland drive,2001,thriller drama mystery,english,83.0,79.0,404168,87.0,80.0,156,84.0,396635,86,810417,83.0,tt0166924,83.17,4.0
259,lost in translation,2003,drama romance comedy,english,83.0,77.0,508646,91.0,86.0,137,82.0,580822,76,1066082,87.0,tt0335266,83.17,4.0
260,all the presidents men,1976,drama history mystery thriller,english,83.0,79.0,130574,84.0,89.0,61,88.0,83353,84,149021,75.0,tt0074119,83.17,1.0
261,amores perros,2000,drama thriller,spanish,82.0,80.0,262066,83.0,79.0,81,89.0,127741,84,174338,84.0,tt0245712,83.17,10.0
262,the umbrellas of cherbourg,1964,drama romance,french,83.0,78.0,32989,86.0,88.0,55,83.0,52926,82,138924,82.0,tt0058450,83.17,5.0
263,nine queens,2000,crime thriller drama,spanish,82.0,79.0,59346,80.0,76.0,55,90.0,31616,82,66882,92.0,tt0247586,83.17,14.0
264,nashville,1975,drama music comedy,english,83.0,76.0,29656,96.0,90.0,75,81.0,25045,84,54825,72.0,tt0073440,83.17,9.0
265,1917,2019,war history thriller drama,english,83.0,82.0,722017,78.0,82.0,295,86.0,523306,82,1473895,89.0,tt8579674,83.17,4.0
266,interstellar,2014,adventure drama science fiction,english,82.0,87.0,2317550,74.0,72.0,250,85.0,1339544,88,3653428,92.0,tt0816692,83.0,13.0
267,monsters inc,2001,animation comedy family,english,82.0,81.0,1020910,79.0,81.0,129,87.0,1370738,82,1602939,88.0,tt0198781,83.0,6.0
268,die hard,1988,action thriller,english,82.0,82.0,985232,72.0,83.0,76,90.0,676199,82,877027,89.0,tt0095016,83.0,7.0
269,thelma  louise,1991,drama thriller crime adventure,english,83.0,76.0,182168,89.0,82.0,93,80.0,233243,84,358609,87.0,tt0103074,83.0,2.0
270,winter sleep,2014,drama,turkish,83.0,80.0,57337,88.0,84.0,70,81.0,18662,84,44413,81.0,tt2758880,83.0,3.0
271,brokeback mountain,2005,drama romance,english,83.0,77.0,399071,87.0,83.0,148,81.0,679747,82,998353,88.0,tt0388795,83.0,2.0
272,fight club,1999,drama,english,81.0,88.0,2444413,67.0,72.0,120,93.0,1908799,86,3533146,92.0,tt0137523,83.0,21.0
273,the fugitive,1993,action thriller drama,english,82.0,78.0,331366,87.0,83.0,58,85.0,249088,78,210713,87.0,tt0106977,83.0,2.0
274,searching for sugar man,2012,music documentary,english,82.0,82.0,74554,79.0,80.0,105,88.0,32711,82,59199,87.0,tt2125608,83.0,8.0
275,knives out,2019,comedy crime mystery,english,82.0,79.0,812389,82.0,83.0,292,88.0,1010904,80,2915105,86.0,tt8946378,83.0,5.0
276,donnie darko,2001,fantasy drama mystery,english,83.0,80.0,878010,88.0,80.0,129,79.0,21170832,80,1543362,91.0,tt0246578,83.0,1.0
277,minari,2020,drama,english,83.0,74.0,103373,89.0,88.0,191,87.0,151806,82,450850,82.0,tt10633456,83.0,1.0
278,citizenfour,2014,documentary,english,83.0,80.0,58960,88.0,84.0,101,84.0,28783,80,45653,82.0,tt4044364,83.0,0.0
279,flee,2021,documentary animation,danish,83.0,79.0,20464,91.0,87.0,114,87.0,25799,84,76686,74.0,tt8430054,83.0,0.0
280,hell or high water,2016,western crime drama,english,83.0,76.0,263679,88.0,86.0,178,84.0,124126,78,290820,86.0,tt2582782,83.0,2.0
281,moonrise kingdom,2012,comedy drama romance,english,83.0,78.0,373550,84.0,83.0,193,83.0,380053,80,859763,90.0,tt1748122,83.0,0.0
282,being john malkovich,1999,comedy drama fantasy,english,83.0,77.0,361221,90.0,85.0,97,83.0,311216,82,407637,81.0,tt0120601,83.0,2.0
283,rushmore,1998,comedy drama,english,82.0,76.0,202326,87.0,83.0,81,86.0,248947,78,373878,87.0,tt0128445,82.83,3.0
284,the king of kong a fistful of quarters,2007,documentary,english,81.0,80.0,38102,83.0,82.0,67,89.0,30025,80,31535,83.0,tt0923752,82.83,7.0
285,life of brian,1979,comedy,english,82.0,80.0,427854,77.0,82.0,51,89.0,278190,80,316121,89.0,tt0079470,82.83,7.0
286,the wind rises,2013,drama animation romance war history,japanese,83.0,78.0,105398,83.0,81.0,127,83.0,133289,82,353433,90.0,tt2013293,82.83,2.0
287,bonnie and clyde,1967,crime drama,english,82.0,77.0,124188,86.0,85.0,51,84.0,79491,78,124995,87.0,tt0061418,82.83,1.0
288,sing street,2016,romance drama music comedy,english,82.0,79.0,104227,79.0,80.0,154,88.0,102191,80,272265,91.0,tt3544112,82.83,8.0
289,about elly,2009,drama,persian,83.0,79.0,58907,87.0,83.0,59,81.0,17593,82,37114,85.0,tt1360860,82.83,2.0
290,hotel rwanda,2004,drama history war,english,82.0,81.0,382301,79.0,80.0,107,89.0,198334,76,111662,92.0,tt0395169,82.83,9.0
291,the florida project,2017,drama,english,84.0,76.0,138468,92.0,89.0,201,78.0,269777,82,781527,80.0,tt5649144,82.83,11.0
292,gods own country,2017,romance drama,english,82.0,76.0,38105,85.0,81.0,79,84.0,39645,80,109702,91.0,tt5635086,82.83,3.0
293,get out,2017,mystery thriller horror,english,83.0,78.0,753306,85.0,84.0,250,83.0,1085375,82,3098595,85.0,tt5052448,82.83,1.0
294,amélie,2001,comedy romance,french,82.0,83.0,815152,70.0,79.0,124,91.0,621390,84,925105,90.0,tt0211915,82.83,12.0
295,the farewell,2019,comedy drama,english,83.0,75.0,73622,89.0,86.0,190,83.0,103916,82,299538,82.0,tt8637428,82.83,3.0
296,soul,2020,animation family comedy fantasy,english,82.0,80.0,405577,83.0,83.0,148,86.0,576362,78,1712850,87.0,tt2948372,82.83,3.0
297,high noon,1952,western drama,english,82.0,79.0,113131,89.0,88.0,63,86.0,40999,80,71815,75.0,tt0044706,82.83,2.0
298,fantastic mr fox,2009,adventure animation comedy family,english,83.0,79.0,283948,83.0,80.0,170,83.0,705851,86,1810535,86.0,tt0432283,82.83,3.0
299,the second mother,2015,drama,portuguese,82.0,78.0,18170,82.0,81.0,64,87.0,37837,84,109131,85.0,tt3742378,82.83,6.0
300,godzilla minus one,2023,science fiction horror action,japanese,83.0,77.0,166961,81.0,84.0,132,87.0,237844,82,692084,90.0,tt23289160,82.8,3.0
301,nosferatu,1922,horror fantasy,german,81.0,78.0,118037,87.0,91.0,76,84.0,142118,76,329860,85.0,tt0013442,82.8,7.0
302,la chimera,2023,drama fantasy comedy,italian,82.0,73.0,16724,91.0,84.0,85,87.0,64020,82,192062,84.0,tt14561712,82.8,3.0
303,the worst person in the world,2021,drama romance comedy,norwegian,83.0,77.0,109990,91.0,88.0,153,87.0,220149,82,658493,76.0,tt10370710,82.8,1.0
304,carol,2015,romance drama,english,84.0,73.0,148047,94.0,88.0,210,74.0,185804,80,496700,87.0,tt2402927,82.67,14.0
305,hunt for the wilderpeople,2016,adventure comedy drama,english,82.0,78.0,147301,81.0,80.0,131,87.0,120665,82,311081,88.0,tt4698684,82.67,7.0
306,once,2006,drama music romance,english,82.0,78.0,123059,90.0,85.0,109,86.0,158469,78,93064,79.0,tt0907657,82.67,1.0
307,shrek,2001,animation comedy fantasy adventure family,english,82.0,79.0,767731,84.0,80.0,122,86.0,1511622,82,1777380,85.0,tt0126029,82.67,6.0
308,the wrestler,2008,drama romance,english,83.0,79.0,324931,80.0,84.0,153,84.0,155576,82,185017,87.0,tt1125849,82.67,0.0
309,the artist,2011,drama comedy romance,french,82.0,78.0,251867,89.0,88.0,243,84.0,88332,76,147420,81.0,tt1655442,82.67,4.0
310,mr smith goes to washington,1939,comedy drama,english,82.0,81.0,125223,73.0,81.0,61,90.0,50349,82,59111,89.0,tt0031679,82.67,9.0
311,hero,2002,drama adventure action history,chinese,82.0,79.0,190396,85.0,83.0,114,84.0,197619,80,93431,85.0,tt0299977,82.67,1.0
312,the shining,1980,horror thriller,english,82.0,84.0,1159459,68.0,82.0,121,90.0,1061936,84,2218109,88.0,tt0081505,82.67,8.0
313,exit through the gift shop,2010,documentary,english,82.0,79.0,69834,85.0,82.0,91,87.0,35498,78,56964,85.0,tt1587707,82.67,5.0
314,let the right one in,2008,horror drama,swedish,82.0,78.0,232716,82.0,83.0,175,86.0,104611,80,190294,87.0,tt1139797,82.67,3.0
315,anora,2024,drama comedy romance,english,82.0,76.0,150547,91.0,87.0,193,87.0,198274,78,1494086,81.0,tt28607951,82.6,0.0
316,close,2022,drama,french,83.0,78.0,42931,81.0,83.0,90,87.0,120210,82,359461,89.0,tt9660502,82.6,4.0
317,the banshees of inisherin,2022,drama comedy,english,83.0,77.0,277579,87.0,87.0,220,87.0,343964,82,1020113,80.0,tt11813216,82.6,0.0
318,little miss sunshine,2006,comedy drama,english,81.0,78.0,534824,80.0,79.0,136,87.0,765429,84,1440499,87.0,tt0449059,82.5,8.0
319,who framed roger rabbit,1988,fantasy animation comedy crime,english,83.0,77.0,224493,83.0,85.0,60,81.0,407748,80,336854,89.0,tt0096438,82.5,4.0
320,ponyo,2008,animation fantasy family,japanese,82.0,76.0,173372,86.0,79.0,103,81.0,346409,82,843361,91.0,tt0876563,82.5,2.0
321,quiz show,1994,history drama mystery,english,82.0,75.0,75122,92.0,86.0,58,83.0,36625,76,46508,83.0,tt0110932,82.5,3.0
322,snow white and the seven dwarfs,1937,fantasy animation family,english,82.0,76.0,229319,96.0,90.0,79,87.0,454795,68,422740,82.0,tt0029583,82.4,3.0
323,se7en,1995,crime mystery thriller,english,81.0,86.0,1895482,65.0,74.0,96,92.0,1066629,86,2259303,91.0,tt0114369,82.33,18.0
324,the bourne ultimatum,2007,action drama mystery thriller,english,81.0,80.0,669722,85.0,81.0,163,86.0,1363138,74,243104,88.0,tt0440963,82.33,5.0
325,this is england,2006,drama crime,english,81.0,77.0,131520,86.0,79.0,71,86.0,68178,82,94846,84.0,tt0480025,82.33,7.0
326,short term 12,2013,drama,english,81.0,79.0,93484,82.0,84.0,123,88.0,58097,84,131005,77.0,tt2370248,82.33,4.0
327,casino royale,2006,adventure action thriller,english,82.0,80.0,714725,80.0,79.0,151,85.0,691353,80,663848,90.0,tt0381061,82.33,6.0
328,anatomy of a fall,2023,thriller mystery crime,french,82.0,76.0,171286,86.0,85.0,170,87.0,397269,82,1188175,82.0,tt17009710,82.2,2.0
329,petite maman,2021,drama fantasy family,french,82.0,74.0,19348,93.0,89.0,128,87.0,42982,82,128593,73.0,tt13204490,82.2,2.0
330,another round,2020,comedy drama,danish,81.0,77.0,211260,79.0,79.0,149,87.0,180599,82,538911,89.0,tt10288566,82.17,8.0
331,roma,2018,drama,spanish,84.0,77.0,173824,96.0,92.0,250,73.0,141177,82,411571,73.0,tt6155172,82.17,19.0
332,roman holiday,1953,romance comedy drama,english,81.0,80.0,151851,78.0,83.0,58,89.0,108625,84,198567,79.0,tt0046250,82.17,6.0
333,the matrix,1999,action science fiction,english,82.0,87.0,2141445,73.0,76.0,130,84.0,22870385,84,1962752,89.0,tt0133093,82.17,8.0
334,brooklyn,2015,romance drama history,english,82.0,75.0,154679,88.0,86.0,172,83.0,98812,76,202318,85.0,tt2381111,82.17,3.0
335,letters from iwo jima,2006,action drama war,english,82.0,78.0,173297,89.0,84.0,129,83.0,245983,78,55455,81.0,tt0498380,82.17,1.0
336,harry potter and the prisoner of azkaban,2004,adventure fantasy,english,82.0,79.0,724666,82.0,79.0,156,84.0,1415939,82,1907407,87.0,tt0304141,82.17,5.0
337,talk to her,2002,drama romance,spanish,81.0,79.0,119714,86.0,82.0,71,88.0,64196,78,86386,80.0,tt0287467,82.17,6.0
338,shaun of the dead,2004,horror comedy,english,81.0,79.0,616400,76.0,78.0,147,88.0,640908,80,923980,92.0,tt0365748,82.17,10.0
339,pain and glory,2019,drama,spanish,81.0,75.0,65351,87.0,84.0,183,86.0,50524,82,148033,79.0,tt8291806,82.17,2.0
340,the exorcist,1973,horror,english,82.0,81.0,474628,83.0,85.0,124,84.0,529464,80,745296,79.0,tt0070047,82.0,1.0
341,wild tales,2014,drama thriller comedy,spanish,81.0,81.0,226824,77.0,79.0,124,88.0,76384,82,199938,85.0,tt3011894,82.0,9.0
342,gravity,2013,science fiction thriller drama,english,82.0,77.0,879467,96.0,92.0,304,78.0,441081,70,715076,79.0,tt1454468,82.0,14.0
343,freaks,1932,drama horror,english,82.0,78.0,52529,80.0,85.0,56,85.0,45243,78,86537,86.0,tt0022913,82.0,0.0
344,mother,2009,crime drama mystery,korean,81.0,77.0,75873,79.0,79.0,92,85.0,59945,84,147147,88.0,tt1216496,82.0,6.0
345,mustang,2015,drama,turkish,81.0,76.0,41838,83.0,82.0,115,85.0,38286,84,97313,82.0,tt3966404,82.0,3.0
346,everything everywhere all at once,2022,action adventure science fiction,english,82.0,78.0,577409,81.0,85.0,246,87.0,1022591,86,3026289,80.0,tt6710474,82.0,2.0
347,poor things,2023,science fiction romance comedy,english,82.0,78.0,334198,88.0,86.0,223,87.0,673949,80,2009015,78.0,tt14230458,82.0,1.0
348,cold war,2018,romance music drama,polish,82.0,75.0,63652,90.0,85.0,163,78.0,52289,80,152837,83.0,tt6543652,81.83,7.0
349,zero dark thirty,2012,thriller drama,english,82.0,74.0,329226,95.0,88.0,238,77.0,205063,74,219887,83.0,tt1790885,81.83,11.0
350,jurassic park,1993,adventure science fiction,english,81.0,82.0,1111146,68.0,81.0,100,88.0,1217265,82,1503381,90.0,tt0107290,81.83,7.0
351,mission impossible  fallout,2018,action adventure,english,81.0,77.0,392851,87.0,85.0,265,84.0,192557,80,542008,78.0,tt4912910,81.83,1.0
352,american graffiti,1973,comedy drama,english,82.0,74.0,101611,97.0,88.0,51,80.0,81508,74,114804,78.0,tt0069704,81.83,8.0
353,house of flying daggers,2004,adventure drama action,chinese,82.0,75.0,117784,89.0,80.0,115,79.0,161234,76,47680,92.0,tt0385004,81.83,1.0
354,volver,2006,comedy drama romance,spanish,81.0,76.0,109883,84.0,80.0,97,85.0,96864,82,146336,84.0,tt0441909,81.83,5.0
355,inside llewyn davis,2013,drama music,english,83.0,74.0,167445,93.0,87.0,211,73.0,137057,80,320530,84.0,tt2042568,81.83,14.0
356,sound of metal,2020,drama music,english,81.0,77.0,159056,82.0,82.0,172,87.0,222621,84,662768,79.0,tt5363618,81.83,5.0
357,dallas buyers club,2013,drama history,english,81.0,79.0,533167,77.0,78.0,186,88.0,229781,80,502641,89.0,tt0790636,81.83,10.0
358,the martian,2015,drama adventure science fiction,english,81.0,80.0,963094,80.0,79.0,270,87.0,508376,76,1260464,89.0,tt3659388,81.83,8.0
359,casino,1995,crime drama,english,80.0,82.0,588163,73.0,72.0,51,89.0,358364,84,503194,91.0,tt0112641,81.83,17.0
360,peeping tom,1960,thriller horror drama,english,81.0,76.0,41700,87.0,88.0,51,82.0,36186,80,80602,83.0,tt0054167,81.8,6.0
361,black swan,2010,drama thriller horror,english,82.0,80.0,854775,79.0,81.0,266,82.0,812102,84,2078477,84.0,tt0947798,81.67,1.0
362,mean streets,1973,drama crime,english,82.0,72.0,123587,96.0,89.0,50,80.0,95545,74,176591,79.0,tt0070379,81.67,9.0
363,isle of dogs,2018,adventure comedy animation,english,81.0,78.0,198804,82.0,81.0,224,85.0,275699,80,807747,84.0,tt5104604,81.67,4.0
364,pinocchio,1940,animation family fantasy,english,83.0,75.0,165547,99.0,93.0,56,72.0,285349,70,296159,81.0,tt0032910,81.67,21.0
365,et the extraterrestrial,1982,science fiction adventure family fantasy,english,84.0,79.0,451751,92.0,92.0,103,72.0,21844819,76,905759,79.0,tt0083866,81.67,20.0
366,how to train your dragon,2010,fantasy adventure animation family,english,81.0,81.0,837460,75.0,78.0,123,87.0,582145,82,1118520,87.0,tt0892769,81.67,9.0
367,inglourious basterds,2009,drama thriller war,english,81.0,84.0,1668156,69.0,77.0,217,86.0,1301365,86,2348648,88.0,tt0361748,81.67,9.0
368,godzilla,1954,thriller horror science fiction,japanese,81.0,76.0,42778,79.0,78.0,64,85.0,48898,80,126402,92.0,tt0047034,81.67,7.0
369,hot fuzz,2007,crime action comedy,english,81.0,78.0,549902,81.0,78.0,144,85.0,623784,82,738270,86.0,tt0425112,81.67,7.0
370,the texas chain saw massacre,1974,horror,english,82.0,74.0,196563,91.0,84.0,96,79.0,349352,76,641273,86.0,tt0072271,81.67,5.0
371,dawn of the dead,1978,horror,english,82.0,78.0,132343,71.0,83.0,60,86.0,188411,80,155030,92.0,tt0077402,81.67,3.0
372,guillermo del toros pinocchio,2022,animation fantasy drama adventure family music,english,82.0,76.0,120092,79.0,82.0,169,87.0,192647,80,570228,91.0,tt1488589,81.6,5.0
373,breathless,1960,drama crime,french,80.0,77.0,90735,87.0,87.0,65,86.0,98209,78,216481,80.0,tt0053472,81.6,1.0
374,hundreds of beavers,2024,comedy adventure action,english,82.0,76.0,11940,82.0,83.0,73,87.0,38829,82,116366,85.0,tt12818328,81.6,4.0
375,ordinary people,1980,drama,english,81.0,77.0,58996,86.0,85.0,58,84.0,31908,80,49068,77.0,tt0081283,81.5,1.0
376,oslo august 31st,2011,drama,norwegian,82.0,76.0,30999,84.0,83.0,61,80.0,31339,82,83204,84.0,tt1736633,81.5,3.0
377,pride,2014,drama comedy,english,80.0,78.0,63396,79.0,77.0,99,86.0,49080,82,114521,87.0,tt3169706,81.5,9.0
378,kramer vs kramer,1979,drama,english,81.0,78.0,160104,77.0,81.0,60,85.0,76383,82,141869,86.0,tt0079417,81.5,4.0
379,arrival,2016,drama science fiction mystery,english,82.0,79.0,811528,81.0,83.0,329,80.0,659702,82,1808063,84.0,tt2543164,81.5,3.0
380,blackfish,2013,documentary,english,80.0,81.0,74576,83.0,81.0,87,87.0,49227,80,90036,77.0,tt2545118,81.5,6.0
381,amy,2015,documentary music,english,81.0,78.0,56837,85.0,84.0,139,84.0,51318,80,109242,78.0,tt2870648,81.5,0.0
382,belle de jour,1967,drama romance,french,81.0,76.0,51150,87.0,87.0,57,83.0,37251,80,103314,86.0,tt0061395,81.5,4.0
383,all quiet on the western front,2022,war history drama,german,82.0,78.0,272269,76.0,81.0,114,87.0,266337,80,791518,92.0,tt1016150,81.4,6.0
384,the birds,1963,horror thriller,english,81.0,76.0,212072,90.0,85.0,67,81.0,226724,76,326153,80.0,tt0056869,81.33,4.0
385,the lunchbox,2013,drama romance,hindi,81.0,78.0,63364,76.0,77.0,85,83.0,25991,80,46783,94.0,tt2350496,81.33,6.0
386,meet me in st louis,1944,comedy drama romance family,english,81.0,75.0,29429,94.0,89.0,54,82.0,44260,76,58472,72.0,tt0037059,81.33,7.0
387,malcolm x,1992,drama history,english,80.0,77.0,105909,73.0,77.0,50,87.0,82751,84,133925,90.0,tt0104797,81.33,10.0
388,laura,1944,drama mystery,english,82.0,79.0,53523,87.0,89.0,51,86.0,28730,80,64424,72.0,tt0037008,81.2,3.0
389,the wonderful story of henry sugar,2023,comedy fantasy adventure,english,81.0,74.0,79116,85.0,84.0,55,87.0,143750,76,429286,87.0,tt16968450,81.2,3.0
390,moneyball,2011,drama,english,81.0,76.0,483651,87.0,82.0,197,82.0,248313,78,559774,82.0,tt1210166,81.17,0.0
391,midnight cowboy,1969,drama,english,81.0,78.0,125825,79.0,84.0,73,84.0,76945,82,150475,80.0,tt0064665,81.17,0.0
392,gone girl,2014,mystery thriller drama,english,80.0,81.0,1114383,79.0,81.0,279,85.0,847569,82,2283255,79.0,tt2267998,81.17,4.0
393,captain phillips,2013,action drama thriller,english,80.0,78.0,506195,82.0,83.0,211,85.0,205779,76,311200,83.0,tt1535109,81.17,2.0
394,sicario,2015,action crime thriller,english,81.0,77.0,504995,82.0,81.0,224,82.0,274632,80,686077,85.0,tt3397884,81.17,1.0
395,the little mermaid,1989,animation family fantasy,english,80.0,76.0,300298,88.0,84.0,75,84.0,786845,74,558144,81.0,tt0097757,81.17,0.0
396,skyfall,2012,action adventure thriller,english,81.0,78.0,748282,81.0,82.0,258,82.0,492679,78,726952,86.0,tt1074638,81.17,0.0
397,coraline,2009,animation family fantasy,english,82.0,78.0,281862,80.0,79.0,149,74.0,850948,84,1781182,92.0,tt0327597,81.17,5.0
398,lady bird,2017,drama comedy,english,82.0,74.0,349719,93.0,89.0,259,77.0,802603,76,2359917,78.0,tt4925292,81.17,12.0
399,the wicker man,1973,horror,english,81.0,75.0,98951,87.0,82.0,66,79.0,104949,80,227819,84.0,tt0070917,81.17,3.0
400,what we do in the shadows,2014,comedy horror,english,81.0,76.0,207384,76.0,78.0,140,83.0,191766,82,519424,92.0,tt3416742,81.17,5.0
401,burning,2018,mystery drama thriller,korean,81.0,74.0,81046,91.0,87.0,133,78.0,90786,80,268302,76.0,tt7282468,81.0,9.0
402,adaptation,2002,comedy crime drama,english,81.0,77.0,208162,83.0,82.0,107,82.0,209812,82,251436,80.0,tt0268126,81.0,0.0
403,the wolf of wall street,2013,crime drama comedy,english,81.0,82.0,1670167,75.0,77.0,201,82.0,1020621,80,2696608,90.0,tt0993846,81.0,5.0
404,the great beauty,2013,drama,italian,81.0,77.0,101827,86.0,82.0,107,78.0,50986,82,121640,81.0,tt2358891,81.0,4.0
405,american splendor,2003,comedy drama,english,80.0,74.0,53472,90.0,85.0,92,82.0,40687,76,32821,79.0,tt0305206,81.0,3.0
406,catch me if you can,2002,drama crime,english,80.0,81.0,1154771,75.0,78.0,121,86.0,1008107,80,1523405,86.0,tt0264464,81.0,8.0
407,the beasts,2022,thriller drama,galician,81.0,75.0,22764,85.0,85.0,52,87.0,25478,82,76211,78.0,tt15006566,81.0,2.0
408,argentina 1985,2022,drama history crime,spanish,81.0,76.0,33863,78.0,80.0,51,87.0,46479,80,138509,91.0,tt15301048,81.0,7.0
409,blackkklansman,2018,crime comedy drama history,english,81.0,75.0,300877,83.0,83.0,271,81.0,312654,78,913658,86.0,tt7349662,81.0,2.0
410,assault on precinct 13,1976,thriller action crime,english,81.0,73.0,58164,89.0,81.0,57,78.0,45230,76,86112,88.0,tt0074156,80.83,3.0
411,eraserhead,1977,horror,english,81.0,73.0,135915,87.0,85.0,70,80.0,171798,76,399798,84.0,tt0074486,80.83,5.0
412,baby driver,2017,action crime,english,80.0,75.0,646064,86.0,82.0,259,83.0,782217,74,2216927,85.0,tt3890160,80.83,1.0
413,the secret of kells,2009,animation family fantasy,english,80.0,75.0,39450,81.0,77.0,59,82.0,25130,76,52128,94.0,tt0485601,80.83,5.0
414,west side story,1961,crime drama romance,english,81.0,76.0,124268,86.0,85.0,76,81.0,181504,76,205886,81.0,tt0055614,80.83,4.0
415,dont look now,1973,thriller drama horror,english,82.0,71.0,65824,95.0,91.0,72,74.0,48307,76,107001,78.0,tt0069995,80.83,17.0
416,once upon a time in anatolia,2011,drama crime,turkish,82.0,78.0,51984,82.0,82.0,69,74.0,20522,84,49211,85.0,tt1827487,80.83,8.0
417,the taste of things,2023,romance drama,french,81.0,74.0,17334,85.0,85.0,106,87.0,25805,80,76768,80.0,tt19760052,80.8,2.0
418,judas and the black messiah,2021,drama history,english,81.0,74.0,94545,84.0,83.0,201,87.0,101742,80,299328,83.0,tt9784798,80.8,4.0
419,society of the snow,2023,drama history,spanish,81.0,78.0,159519,72.0,77.0,94,87.0,303260,82,905866,95.0,tt16277242,80.8,10.0
420,fire of love,2022,documentary,english,81.0,76.0,15708,84.0,83.0,93,87.0,35029,82,104389,79.0,tt16227014,80.8,4.0
421,decision to leave,2022,thriller mystery romance,korean,81.0,73.0,61599,85.0,84.0,146,87.0,106462,80,317920,82.0,tt12477480,80.8,3.0
422,ex machina,2015,drama science fiction,english,80.0,77.0,614501,78.0,81.0,201,83.0,401977,80,1057393,85.0,tt0470752,80.67,2.0
423,blow out,1981,thriller mystery crime drama,english,80.0,74.0,68965,86.0,81.0,52,80.0,72170,82,192708,81.0,tt0082085,80.67,1.0
424,carrie,1976,horror thriller,english,81.0,74.0,216883,86.0,84.0,72,76.0,440494,78,614228,86.0,tt0074285,80.67,8.0
425,drive,2011,drama thriller crime,english,81.0,78.0,732276,79.0,82.0,258,78.0,557384,78,1431744,89.0,tt0780504,80.67,4.0
426,black panther,2018,action adventure science fiction,english,81.0,73.0,868835,88.0,84.0,302,77.0,754859,74,2088155,88.0,tt1825683,80.67,7.0
427,heavenly creatures,1994,drama fantasy,english,81.0,72.0,68993,86.0,83.0,61,79.0,45694,76,56678,88.0,tt0110005,80.67,4.0
428,blade runner 2049,2017,science fiction drama,english,81.0,80.0,708433,81.0,83.0,293,79.0,560448,82,1608736,79.0,tt1856101,80.67,4.0
429,american fiction,2023,comedy drama,english,81.0,75.0,109395,81.0,82.0,157,87.0,166174,74,492612,91.0,tt23561236,80.6,5.0
430,suzume,2022,animation drama adventure fantasy,japanese,81.0,76.0,52822,77.0,79.0,82,87.0,98174,76,289215,95.0,tt16428256,80.6,8.0
431,sideways,2004,comedy drama romance,english,81.0,75.0,210213,94.0,88.0,131,77.0,179804,76,143413,73.0,tt0375063,80.5,11.0
432,spiderman 2,2004,action adventure science fiction,english,81.0,75.0,741202,83.0,83.0,177,79.0,1259923,78,1475998,85.0,tt0316654,80.5,4.0
433,a star is born,2018,music drama romance,english,81.0,76.0,434467,88.0,83.0,310,78.0,302610,72,864619,86.0,tt1517451,80.5,5.0
434,the white ribbon,2009,drama mystery,german,81.0,78.0,79534,84.0,79.0,105,78.0,83194,84,69426,80.0,tt1149362,80.5,1.0
435,top gun maverick,2022,action drama,english,81.0,82.0,768986,78.0,81.0,279,87.0,587898,80,1581141,81.0,tt1745960,80.4,6.0
436,the fly,1986,horror science fiction,english,81.0,76.0,213160,81.0,83.0,71,80.0,192023,80,395137,82.0,tt0091064,80.33,3.0
437,birdman or the unexpected virtue of ignorance,2014,drama comedy,english,81.0,77.0,680540,87.0,86.0,256,76.0,378073,80,946005,76.0,tt2562232,80.33,10.0
438,ida,2013,drama,polish,80.0,74.0,61864,91.0,86.0,129,77.0,39105,80,81214,73.0,tt2718492,80.17,9.0
439,frances ha,2012,comedy drama,english,81.0,74.0,98119,82.0,79.0,142,76.0,183802,80,510614,90.0,tt2347569,80.17,3.0
440,the death of stalin,2017,comedy drama history,english,80.0,73.0,119568,88.0,82.0,154,76.0,79907,76,225921,85.0,tt4686844,80.0,6.0
441,son of saul,2015,war drama thriller,hungarian,80.0,74.0,53176,91.0,90.0,157,77.0,26403,82,53092,66.0,tt3808342,80.0,13.0
442,m,1931,drama thriller crime,german,87.0,83.0,175896,87.0,94.0,55,91.0,80258,86,168051,46.0,tt0022100,80.0,3.0
443,kill bill vol 1,2003,action crime,english,80.0,82.0,1243483,69.0,75.0,136,80.0,22372068,84,2000199,90.0,tt0266697,80.0,5.0
444,cat people,1942,mystery horror romance,english,81.0,72.0,27231,85.0,84.0,59,72.0,27875,74,67874,89.0,tt0034587,79.33,12.0
445,rocky,1976,drama,english,82.0,81.0,655553,70.0,81.0,59,71.0,22486658,82,651986,90.0,tt0075148,79.17,10.0
446,phantom thread,2017,drama romance,english,81.0,74.0,151144,90.0,86.0,235,71.0,158555,82,459029,72.0,tt5776858,79.17,15.0
447,paterson,2016,drama comedy romance,english,81.0,73.0,91854,90.0,86.0,177,71.0,74548,78,190980,77.0,tt5247022,79.17,15.0
448,titanic,1997,drama romance,english,81.0,79.0,1331693,75.0,80.0,147,71.0,24549197,76,2052322,93.0,tt0120338,79.0,9.0
449,uncut gems,2019,drama thriller crime,english,81.0,74.0,333224,93.0,86.0,204,57.0,438510,78,1265981,74.0,tt5727208,77.0,29.0
